Student_ID;Game_ID
fe56efd2-85a2-4928-8127-af094a6d4653;1
fe56efd2-85a2-4928-8127-af094a6d4653;2
fe56efd2-85a2-4928-8127-af094a6d4653;3
4750d5e1-d661-42cf-a6fb-5d5f14da9d02;4
4750d5e1-d661-42cf-a6fb-5d5f14da9d02;5
4750d5e1-d661-42cf-a6fb-5d5f14da9d02;6
46e11ae5-c325-41ea-a0c3-a24f16b18bcd;7
46e11ae5-c325-41ea-a0c3-a24f16b18bcd;8
46e11ae5-c325-41ea-a0c3-a24f16b18bcd;9
450fed61-a0d0-43d8-ab8c-ae394a78b476;10
450fed61-a0d0-43d8-ab8c-ae394a78b476;11
450fed61-a0d0-43d8-ab8c-ae394a78b476;12
0fa63792-6694-4d6f-b3b1-7e65ad52a20e;13
0fa63792-6694-4d6f-b3b1-7e65ad52a20e;14
0fa63792-6694-4d6f-b3b1-7e65ad52a20e;15
